ID_MinE	REF_MinE	ALT_MinE	AF.all_MinE	AF.cases_MinE	AF.controls_MinE	CHROM_MinE	POS_MinE	Gene_MinE	Alleles.all_MinE	Alleles.cases_MinE	Alleles.controls_MinE	allHOM.A1.PARTICIPANTS_MinE	allHET.PARTICIPANTS_MinE	allHOM.A2.PARTICIPANTS_MinE	allMISSING.PARTICIPANTS_MinE	allTOTAL.PARTICIPANTS_MinE	casesHOM.A1.PARTICIPANTS_MinE	casesHET.PARTICIPANTS_MinE	casesHOM.A2.PARTICIPANTS_MinE	casesMISSING.PARTICIPANTS_MinE	casesTOTAL.PARTICIPANTS_MinE	controlsHOM.A1.PARTICIPANTS_MinE	controlsHET.PARTICIPANTS_MinE	controlsHOM.A2.PARTICIPANTS_MinE	controlsMISSING.PARTICIPANTS_MinE	controlsTOTAL.PARTICIPANTS_MinE
chr16:31193719:A:G|rs778010613	A	G	8.067e-05	0.0001145	0	16	31193719	FUS	12396	8732	3664	0	1	6197	0	6198	0	1	4365	0	6198	0	0	1832	0	6198
chr16:31193955:A:T	A	T	8.067e-05	0	0.0002729	16	31193955	FUS	12396	8732	3664	0	1	6197	0	6198	0	0	4366	0	6198	0	1	1831	0	6198
chr16:31193959:ATTC:A|rs777545405	ATTC	A	0.000242	0.000229	0.0002729	16	31193959	FUS	12396	8732	3664	0	3	6195	0	6198	0	2	4364	0	6198	0	1	1831	0	6198
chr16:31193983:A:G|rs140883211	A	G	0.000242	0.0003436	0	16	31193983	FUS	12396	8732	3664	0	3	6195	0	6198	0	3	4363	0	6198	0	0	1832	0	6198
chr16:31195218:C:T|rs779170261	C	T	0	0	0	16	31195218	FUS	12396	8732	3664	0	0	6198	0	6198	0	0	4366	0	6198	0	0	1832	0	6198
chr16:31195538:G:A|rs766783910	G	A	8.067e-05	0.0001145	0	16	31195538	FUS	12396	8732	3664	0	1	6197	0	6198	0	1	4365	0	6198	0	0	1832	0	6198
chr16:31195598:G:A|rs61732970	G	A	0.0008874	0.001145	0.0002729	16	31195598	FUS	12396	8732	3664	0	11	6187	0	6198	0	10	4356	0	6198	0	1	1831	0	6198
chr16:31195692:TGGTGGA:T|rs762260286	TGGTGGA	T	0.001453	0.001145	0.002186	16	31195692	FUS	12390	8730	3660	0	18	6177	0	6198	0	10	4355	0	6198	0	8	1822	0	6198
chr16:31196295:G:A|rs370954028	G	A	8.067e-05	0.0001145	0	16	31196295	FUS	12396	8732	3664	0	1	6197	0	6198	0	1	4365	0	6198	0	0	1832	0	6198
chr16:31196384:C:T|rs556586630	C	T	8.068e-05	0.0001145	0	16	31196384	FUS	12394	8732	3662	0	1	6196	0	6198	0	1	4365	0	6198	0	0	1831	0	6198
chr16:31196390:G:GGGTGGCAGT|rs778345700	G	GGGTGGCAGT	8.067e-05	0	0.0002729	16	31196390	FUS	12396	8732	3664	0	1	6197	0	6198	0	0	4366	0	6198	0	1	1831	0	6198
chr16:31196396:CAGT:C|rs746633090	CAGT	C	0.0002421	0.0002291	0.0002729	16	31196396	FUS	12394	8730	3664	0	3	6194	0	6198	0	2	4363	0	6198	0	1	1831	0	6198
chr16:31196402:TGGCGGC:T|rs746532502	TGGCGGC	T	0.0004034	0.0004582	0.0002729	16	31196402	FUS	12394	8730	3664	0	5	6192	0	6198	0	4	4361	0	6198	0	1	1831	0	6198
chr16:31196402:TGGCGGCGGC:T|rs776460861	TGGCGGCGGC	T	0.0001614	0.0001146	0.0002729	16	31196402	FUS	12392	8728	3664	0	2	6194	0	6198	0	1	4363	0	6198	0	1	1831	0	6198
chr16:31196402:T:TGGC|rs372671599|rs886051935	T	TGGC	0.0005648	0.0008018	0	16	31196402	FUS	12394	8730	3664	0	7	6190	0	6198	0	7	4358	0	6198	0	0	1832	0	6198
chr16:31196402:TGGC:T|rs760734999	TGGC	T	0.0003227	0.0003436	0.0002729	16	31196402	FUS	12396	8732	3664	0	4	6194	0	6198	0	3	4363	0	6198	0	1	1831	0	6198
chr16:31196402:T:TGGCGGC|rs372671599	T	TGGCGGC	8.068e-05	0.0001145	0	16	31196402	FUS	12394	8730	3664	0	1	6196	0	6198	0	1	4364	0	6198	0	0	1832	0	6198
chr16:31196414:CGGCGGCGGT:C|rs767564995	CGGCGGCGGT	C	0	0	0	16	31196414	FUS	12380	8722	3658	0	0	6190	0	6198	0	0	4361	0	6198	0	0	1829	0	6198
chr16:31196420:C:CGGTGGTGGT|rs778725612	C	CGGTGGTGGT	8.067e-05	0.0001145	0	16	31196420	FUS	12396	8732	3664	0	1	6197	0	6198	0	1	4365	0	6198	0	0	1832	0	6198
chr16:31196466:C:T	C	T	8.067e-05	0.0001145	0	16	31196466	FUS	12396	8732	3664	0	1	6197	0	6198	0	1	4365	0	6198	0	0	1832	0	6198
chr16:31196467:G:A|rs1019507445	G	A	8.067e-05	0.0001145	0	16	31196467	FUS	12396	8732	3664	0	1	6197	0	6198	0	1	4365	0	6198	0	0	1832	0	6198
chr16:31199651:C:T|rs755018172	C	T	8.067e-05	0.0001145	0	16	31199651	FUS	12396	8732	3664	0	1	6197	0	6198	0	1	4365	0	6198	0	0	1832	0	6198
chr16:31199666:C:T|rs576580714	C	T	0.0001613	0.0001145	0.0002729	16	31199666	FUS	12396	8732	3664	0	2	6196	0	6198	0	1	4365	0	6198	0	1	1831	0	6198
chr16:31201436:A:G|rs1064796544	A	G	8.067e-05	0.0001145	0	16	31201436	FUS	12396	8732	3664	0	1	6197	0	6198	0	1	4365	0	6198	0	0	1832	0	6198
chr16:31201441:C:T|rs776191869	C	T	8.067e-05	0	0.0002729	16	31201441	FUS	12396	8732	3664	0	1	6197	0	6198	0	0	4366	0	6198	0	1	1831	0	6198
chr16:31201450:C:A|rs61733965	C	A	0.0001614	0.0002291	0	16	31201450	FUS	12394	8730	3664	0	2	6195	0	6198	0	2	4363	0	6198	0	0	1832	0	6198
chr16:31201620:G:A	G	A	8.067e-05	0.0001145	0	16	31201620	FUS	12396	8732	3664	0	1	6197	0	6198	0	1	4365	0	6198	0	0	1832	0	6198
chr16:31201630:CAGT:C|rs781120756	CAGT	C	8.068e-05	0	0.0002729	16	31201630	FUS	12394	8730	3664	0	1	6196	0	6198	0	0	4365	0	6198	0	1	1831	0	6198
chr16:31201719:C:T|rs186547381	C	T	0.000242	0.0003436	0	16	31201719	FUS	12396	8732	3664	0	3	6195	0	6198	0	3	4363	0	6198	0	0	1832	0	6198
chr16:31202087:T:C|rs377010944	T	C	0.000242	0.0001145	0.0005459	16	31202087	FUS	12396	8732	3664	0	3	6195	0	6198	0	1	4365	0	6198	0	2	1830	0	6198
chr16:31202145:C:G	C	G	0	0	0	16	31202145	FUS	12396	8732	3664	0	0	6198	0	6198	0	0	4366	0	6198	0	0	1832	0	6198
chr16:31202160:A:G	A	G	8.067e-05	0.0001145	0	16	31202160	FUS	12396	8732	3664	0	1	6197	0	6198	0	1	4365	0	6198	0	0	1832	0	6198
chr16:31202286:G:A|rs747547178	G	A	8.067e-05	0.0001145	0	16	31202286	FUS	12396	8732	3664	0	1	6197	0	6198	0	1	4365	0	6198	0	0	1832	0	6198
chr16:31202332:G:A|rs111705357	G	A	0.0001614	0.0002291	0	16	31202332	FUS	12394	8730	3664	1	0	6196	0	6198	1	0	4364	0	6198	0	0	1832	0	6198
chr16:31202351:C:T|rs755870176	C	T	0.0003227	0.0004581	0	16	31202351	FUS	12396	8732	3664	0	4	6194	0	6198	0	4	4362	0	6198	0	0	1832	0	6198
chr16:31202384:G:T|rs748486688	G	T	8.068e-05	0.0001145	0	16	31202384	FUS	12394	8730	3664	0	1	6196	0	6198	0	1	4364	0	6198	0	0	1832	0	6198
chr16:31202410:G:A|rs267606831	G	A	8.067e-05	0.0001145	0	16	31202410	FUS	12396	8732	3664	0	1	6197	0	6198	0	1	4365	0	6198	0	0	1832	0	6198
chr16:31202417:C:T	C	T	8.067e-05	0.0001145	0	16	31202417	FUS	12396	8732	3664	0	1	6197	0	6198	0	1	4365	0	6198	0	0	1832	0	6198
chr16:31202733:C:G	C	G	8.067e-05	0.0001145	0	16	31202733	FUS	12396	8732	3664	0	1	6197	0	6198	0	1	4365	0	6198	0	0	1832	0	6198
chr16:31202739:C:T|rs121909668	C	T	0	0	0	16	31202739	FUS	12394	8730	3664	0	0	6197	0	6198	0	0	4365	0	6198	0	0	1832	0	6198
chr16:31202740:G:A|rs121909671	G	A	0.000242	0.0003436	0	16	31202740	FUS	12396	8732	3664	0	3	6195	0	6198	0	3	4363	0	6198	0	0	1832	0	6198
chr16:31202740:G:T	G	T	0.0001613	0.000229	0	16	31202740	FUS	12396	8732	3664	0	2	6196	0	6198	0	2	4364	0	6198	0	0	1832	0	6198
chr16:31202744:G:A|rs138901914	G	A	0.001129	0.00126	0.0008188	16	31202744	FUS	12396	8732	3664	0	14	6184	0	6198	0	11	4355	0	6198	0	3	1829	0	6198
chr16:31202752:C:T|rs886041390	C	T	0.0001613	0.000229	0	16	31202752	FUS	12396	8732	3664	0	2	6196	0	6198	0	2	4364	0	6198	0	0	1832	0	6198
chr2:202566590:C:T|rs190606035	C	T	8.067e-05	0.0001145	0	2	202566590	ALS2	12396	8732	3664	0	1	6197	0	6198	0	1	4365	0	6198	0	0	1832	0	6198
chr2:202566591:G:A|rs200416249	G	A	0.0001613	0.000229	0	2	202566591	ALS2	12396	8732	3664	0	2	6196	0	6198	0	2	4364	0	6198	0	0	1832	0	6198
chr2:202568909:A:G|rs189412622	A	G	8.067e-05	0	0.0002729	2	202568909	ALS2	12396	8732	3664	0	1	6197	0	6198	0	0	4366	0	6198	0	1	1831	0	6198
chr2:202569884:C:T|rs777171926	C	T	0.0001613	0.0001145	0.0002729	2	202569884	ALS2	12396	8732	3664	0	2	6196	0	6198	0	1	4365	0	6198	0	1	1831	0	6198
chr2:202570161:G:C	G	C	8.067e-05	0.0001145	0	2	202570161	ALS2	12396	8732	3664	0	1	6197	0	6198	0	1	4365	0	6198	0	0	1832	0	6198
chr2:202570182:T:C	T	C	8.067e-05	0.0001145	0	2	202570182	ALS2	12396	8732	3664	0	1	6197	0	6198	0	1	4365	0	6198	0	0	1832	0	6198
chr2:202571690:G:T	G	T	8.067e-05	0.0001145	0	2	202571690	ALS2	12396	8732	3664	0	1	6197	0	6198	0	1	4365	0	6198	0	0	1832	0	6198
chr2:202571734:G:A|rs201089588	G	A	0.000242	0.000229	0.0002729	2	202571734	ALS2	12396	8732	3664	0	3	6195	0	6198	0	2	4364	0	6198	0	1	1831	0	6198
chr2:202572625:T:A	T	A	8.067e-05	0	0.0002729	2	202572625	ALS2	12396	8732	3664	0	1	6197	0	6198	0	0	4366	0	6198	0	1	1831	0	6198
chr2:202572650:C:T|rs779841299	C	T	8.067e-05	0.0001145	0	2	202572650	ALS2	12396	8732	3664	0	1	6197	0	6198	0	1	4365	0	6198	0	0	1832	0	6198
chr2:202574649:ACAG:A	ACAG	A	8.068e-05	0.0001145	0	2	202574649	ALS2	12394	8730	3664	0	1	6196	0	6198	0	1	4364	0	6198	0	0	1832	0	6198
chr2:202575717:T:C|rs61757691	T	C	0.005486	0.005497	0.005459	2	202575717	ALS2	12396	8732	3664	1	66	6131	0	6198	0	48	4318	0	6198	1	18	1813	0	6198
chr2:202575803:G:A	G	A	8.067e-05	0	0.0002729	2	202575803	ALS2	12396	8732	3664	0	1	6197	0	6198	0	0	4366	0	6198	0	1	1831	0	6198
chr2:202575868:A:G	A	G	8.067e-05	0.0001145	0	2	202575868	ALS2	12396	8732	3664	0	1	6197	0	6198	0	1	4365	0	6198	0	0	1832	0	6198
chr2:202575906:C:T|rs78077917	C	T	8.067e-05	0	0.0002729	2	202575906	ALS2	12396	8732	3664	0	1	6197	0	6198	0	0	4366	0	6198	0	1	1831	0	6198
chr2:202575913:A:G|rs547958124	A	G	8.067e-05	0.0001145	0	2	202575913	ALS2	12396	8732	3664	0	1	6197	0	6198	0	1	4365	0	6198	0	0	1832	0	6198
chr2:202575914:C:T	C	T	0.0001614	0.0001145	0.0002731	2	202575914	ALS2	12394	8732	3662	0	2	6195	0	6198	0	1	4365	0	6198	0	1	1830	0	6198
chr2:202575915:T:C	T	C	8.067e-05	0.0001145	0	2	202575915	ALS2	12396	8732	3664	0	1	6197	0	6198	0	1	4365	0	6198	0	0	1832	0	6198
chr2:202575917:G:C|rs549461808	G	C	8.067e-05	0	0.0002729	2	202575917	ALS2	12396	8732	3664	0	1	6197	0	6198	0	0	4366	0	6198	0	1	1831	0	6198
chr2:202575942:C:T|rs10200479	C	T	0.1425	0.1395	0.1496	2	202575942	ALS2	12396	8732	3664	124	1518	4556	0	6198	83	1052	3231	0	6198	41	466	1325	0	6198
chr2:202575958:A:G|rs112993737	A	G	0.02186	0.0221	0.02129	2	202575958	ALS2	12396	8732	3664	3	265	5930	0	6198	3	187	4176	0	6198	0	78	1754	0	6198
chr2:202575959:C:T|rs546965252	C	T	8.067e-05	0.0001145	0	2	202575959	ALS2	12396	8732	3664	0	1	6197	0	6198	0	1	4365	0	6198	0	0	1832	0	6198
chr2:202575965:C:A|rs16838095	C	A	0.05833	0.05875	0.05731	2	202575965	ALS2	12396	8732	3664	32	659	5507	0	6198	21	471	3874	0	6198	11	188	1633	0	6198
chr2:202575978:G:A|rs754006005	G	A	8.067e-05	0	0.0002729	2	202575978	ALS2	12396	8732	3664	0	1	6197	0	6198	0	0	4366	0	6198	0	1	1831	0	6198
chr2:202576045:C:T	C	T	8.067e-05	0.0001145	0	2	202576045	ALS2	12396	8732	3664	0	1	6197	0	6198	0	1	4365	0	6198	0	0	1832	0	6198
chr2:202576047:T:C	T	C	8.067e-05	0	0.0002729	2	202576047	ALS2	12396	8732	3664	0	1	6197	0	6198	0	0	4366	0	6198	0	1	1831	0	6198
chr2:202576057:A:C|rs570102665	A	C	0.0001613	0.000229	0	2	202576057	ALS2	12396	8732	3664	0	2	6196	0	6198	0	2	4364	0	6198	0	0	1832	0	6198
chr2:202576066:C:T|rs772614628	C	T	8.067e-05	0	0.0002729	2	202576066	ALS2	12396	8732	3664	0	1	6197	0	6198	0	0	4366	0	6198	0	1	1831	0	6198
chr2:202576103:T:C	T	C	8.067e-05	0.0001145	0	2	202576103	ALS2	12396	8732	3664	0	1	6197	0	6198	0	1	4365	0	6198	0	0	1832	0	6198
chr2:202576116:T:C|rs138353090	T	C	0.001129	0.001145	0.001092	2	202576116	ALS2	12396	8732	3664	0	14	6184	0	6198	0	10	4356	0	6198	0	4	1828	0	6198
chr2:202576142:T:C|rs143836255	T	C	0.000242	0.000229	0.0002729	2	202576142	ALS2	12396	8732	3664	0	3	6195	0	6198	0	2	4364	0	6198	0	1	1831	0	6198
chr2:202576164:T:C	T	C	8.067e-05	0.0001145	0	2	202576164	ALS2	12396	8732	3664	0	1	6197	0	6198	0	1	4365	0	6198	0	0	1832	0	6198
chr2:202576202:T:C|rs150607513	T	C	0.0006454	0.0008016	0.0002729	2	202576202	ALS2	12396	8732	3664	0	8	6190	0	6198	0	7	4359	0	6198	0	1	1831	0	6198
chr2:202576209:G:A|rs890391586	G	A	0.0001613	0.000229	0	2	202576209	ALS2	12396	8732	3664	0	2	6196	0	6198	0	2	4364	0	6198	0	0	1832	0	6198
chr2:202576284:A:AG|rs397827130|rs58819870	A	AG	0.1423	0.1393	0.1496	2	202576284	ALS2	12396	8732	3664	124	1516	4558	0	6198	83	1050	3233	0	6198	41	466	1325	0	6198
chr2:202576298:A:C	A	C	8.067e-05	0.0001145	0	2	202576298	ALS2	12396	8732	3664	0	1	6197	0	6198	0	1	4365	0	6198	0	0	1832	0	6198
chr2:202576335:C:T|rs1029089039	C	T	8.068e-05	0.0001145	0	2	202576335	ALS2	12394	8732	3662	0	1	6196	0	6198	0	1	4365	0	6198	0	0	1831	0	6198
chr2:202576463:T:C	T	C	8.067e-05	0	0.0002729	2	202576463	ALS2	12396	8732	3664	0	1	6197	0	6198	0	0	4366	0	6198	0	1	1831	0	6198
chr2:202576470:C:A	C	A	8.067e-05	0	0.0002729	2	202576470	ALS2	12396	8732	3664	0	1	6197	0	6198	0	0	4366	0	6198	0	1	1831	0	6198
chr2:202576510:T:C|rs754479586	T	C	8.067e-05	0	0.0002729	2	202576510	ALS2	12396	8732	3664	0	1	6197	0	6198	0	0	4366	0	6198	0	1	1831	0	6198
chr2:202576517:A:G|rs937042809	A	G	0.0001613	0.0001145	0.0002729	2	202576517	ALS2	12396	8732	3664	0	2	6196	0	6198	0	1	4365	0	6198	0	1	1831	0	6198
chr2:202576546:T:C|rs991252936	T	C	8.067e-05	0	0.0002729	2	202576546	ALS2	12396	8732	3664	0	1	6197	0	6198	0	0	4366	0	6198	0	1	1831	0	6198
chr2:202576549:A:G|rs917049560	A	G	0.0001613	0.0001145	0.0002729	2	202576549	ALS2	12396	8732	3664	0	2	6196	0	6198	0	1	4365	0	6198	0	1	1831	0	6198
chr2:202576560:A:G	A	G	8.067e-05	0	0.0002729	2	202576560	ALS2	12396	8732	3664	0	1	6197	0	6198	0	0	4366	0	6198	0	1	1831	0	6198
chr2:202576567:T:C|rs780871833	T	C	8.068e-05	0.0001145	0	2	202576567	ALS2	12394	8730	3664	0	1	6196	0	6198	0	1	4364	0	6198	0	0	1832	0	6198
chr2:202576576:C:T|rs1208066	C	T	0.06171	0.06104	0.06332	2	202576576	ALS2	12396	8732	3664	23	719	5456	0	6198	15	503	3848	0	6198	8	216	1608	0	6198
chr2:202576584:CCTAA:C	C	CCTAA	0.08019	0.07948	0.08188	2	202576584	ALS2	12396	8732	3664	35	924	5239	0	6198	24	646	3696	0	6198	11	278	1543	0	6198
chr2:202576641:T:G	T	G	0	0	0	2	202576641	ALS2	12396	8732	3664	0	0	6198	0	6198	0	0	4366	0	6198	0	0	1832	0	6198
chr2:202576683:G:A|rs747761973	G	A	0.0005647	0.0004581	0.0008188	2	202576683	ALS2	12396	8732	3664	0	7	6191	0	6198	0	4	4362	0	6198	0	3	1829	0	6198
chr2:202576778:A:G|rs116712057	A	G	0.02396	0.02439	0.02293	2	202576778	ALS2	12396	8732	3664	5	287	5906	0	6198	3	207	4156	0	6198	2	80	1750	0	6198
chr2:202576780:T:C|rs1029038322	T	C	8.067e-05	0.0001145	0	2	202576780	ALS2	12396	8732	3664	0	1	6197	0	6198	0	1	4365	0	6198	0	0	1832	0	6198
chr2:202576805:GA:G|rs35177036|rs544747494	GA	G	0.06502	0.06596	0.06277	2	202576805	ALS2	12396	8732	3664	25	756	5417	0	6198	20	536	3810	0	6198	5	220	1607	0	6198
chr2:202576805:G:GA	G	GA	0.000162	0.000115	0.0002738	2	202576805	ALS2	12344	8692	3652	0	2	6170	0	6198	0	1	4345	0	6198	0	1	1825	0	6198
chr2:202576818:CTTCT:C|rs911966484	CTTCT	C	8.067e-05	0.0001145	0	2	202576818	ALS2	12396	8732	3664	0	1	6197	0	6198	0	1	4365	0	6198	0	0	1832	0	6198
chr2:202576821:C:A|rs759795741	C	A	8.067e-05	0.0001145	0	2	202576821	ALS2	12396	8732	3664	0	1	6197	0	6198	0	1	4365	0	6198	0	0	1832	0	6198
chr2:202576822:T:C	T	C	8.067e-05	0	0.0002729	2	202576822	ALS2	12396	8732	3664	0	1	6197	0	6198	0	0	4366	0	6198	0	1	1831	0	6198
chr2:202576832:T:C	T	C	8.067e-05	0	0.0002729	2	202576832	ALS2	12396	8732	3664	0	1	6197	0	6198	0	0	4366	0	6198	0	1	1831	0	6198
chr2:202576854:G:C|rs528572183	G	C	8.067e-05	0.0001145	0	2	202576854	ALS2	12396	8732	3664	0	1	6197	0	6198	0	1	4365	0	6198	0	0	1832	0	6198
chr2:202576879:C:T|rs557123490	C	T	0.000242	0.000229	0.0002729	2	202576879	ALS2	12396	8732	3664	0	3	6195	0	6198	0	2	4364	0	6198	0	1	1831	0	6198
chr2:202576907:G:A	G	A	8.067e-05	0	0.0002729	2	202576907	ALS2	12396	8732	3664	0	1	6197	0	6198	0	0	4366	0	6198	0	1	1831	0	6198
chr2:202576968:T:C	T	C	8.067e-05	0.0001145	0	2	202576968	ALS2	12396	8732	3664	0	1	6197	0	6198	0	1	4365	0	6198	0	0	1832	0	6198
chr2:202577032:T:C	T	C	8.067e-05	0.0001145	0	2	202577032	ALS2	12396	8732	3664	0	1	6197	0	6198	0	1	4365	0	6198	0	0	1832	0	6198
chr2:202577039:A:T	A	T	8.067e-05	0	0.0002729	2	202577039	ALS2	12396	8732	3664	0	1	6197	0	6198	0	0	4366	0	6198	0	1	1831	0	6198
chr2:202577057:TA:T|rs200715847	TA	T	8.067e-05	0	0.0002729	2	202577057	ALS2	12396	8732	3664	0	1	6197	0	6198	0	0	4366	0	6198	0	1	1831	0	6198
chr2:202577073:C:T|rs935893466	C	T	8.067e-05	0.0001145	0	2	202577073	ALS2	12396	8732	3664	0	1	6197	0	6198	0	1	4365	0	6198	0	0	1832	0	6198
chr2:202577128:T:C|rs1050528112	T	C	8.067e-05	0.0001145	0	2	202577128	ALS2	12396	8732	3664	0	1	6197	0	6198	0	1	4365	0	6198	0	0	1832	0	6198
chr2:202577206:A:C	A	C	8.067e-05	0.0001145	0	2	202577206	ALS2	12396	8732	3664	0	1	6197	0	6198	0	1	4365	0	6198	0	0	1832	0	6198
chr2:202577300:C:T|rs1027915682	C	T	8.067e-05	0.0001145	0	2	202577300	ALS2	12396	8732	3664	0	1	6197	0	6198	0	1	4365	0	6198	0	0	1832	0	6198
chr2:202577301:G:A|rs6760385	G	A	0.1426	0.1397	0.1496	2	202577301	ALS2	12396	8732	3664	124	1520	4554	0	6198	83	1054	3229	0	6198	41	466	1325	0	6198
chr2:202577324:T:C	T	C	0	0	0	2	202577324	ALS2	12396	8732	3664	0	0	6198	0	6198	0	0	4366	0	6198	0	0	1832	0	6198
chr2:202577350:C:T|rs6760201	C	T	0.1428	0.1399	0.1496	2	202577350	ALS2	12394	8732	3662	125	1520	4552	0	6198	84	1054	3228	0	6198	41	466	1324	0	6198
chr2:202577414:T:C	T	C	8.067e-05	0.0001145	0	2	202577414	ALS2	12396	8732	3664	0	1	6197	0	6198	0	1	4365	0	6198	0	0	1832	0	6198
chr2:202577471:GA:G	GA	G	8.22e-05	0.0001165	0	2	202577471	ALS2	12166	8584	3582	0	1	6082	0	6198	0	1	4291	0	6198	0	0	1791	0	6198
chr2:202577475:AG:A	AG	A	0.0004962	0.0004683	0.0005634	2	202577475	ALS2	12092	8542	3550	0	6	6040	0	6198	0	4	4267	0	6198	0	2	1773	0	6198
chr2:202577476:GA:G|rs372321027	GA	G	0.01736	0.01899	0.01347	2	202577476	ALS2	12096	8532	3564	17	176	5855	0	6198	15	132	4119	0	6198	2	44	1736	0	6198
chr2:202577486:A:AG|rs200451602	A	AG	0.2059	0.2023	0.2144	2	202577486	ALS2	12332	8690	3642	236	2067	3863	0	6198	160	1438	2747	0	6198	76	629	1116	0	6198
chr2:202577491:A:AG	A	AG	0.0002545	0.0003604	0	2	202577491	ALS2	11786	8324	3462	0	3	5890	0	6198	0	3	4159	0	6198	0	0	1731	0	6198
chr2:202577501:A:G	A	G	8.255e-05	0.0001172	0	2	202577501	ALS2	12114	8532	3582	0	1	6056	0	6198	0	1	4265	0	6198	0	0	1791	0	6198
chr2:202577520:GAGAAAAAGA:G	GAGAAAAAGA	G	8.067e-05	0	0.0002729	2	202577520	ALS2	12396	8732	3664	0	1	6197	0	6198	0	0	4366	0	6198	0	1	1831	0	6198
chr2:202577526:AAG:A	AAG	A	8.067e-05	0	0.0002729	2	202577526	ALS2	12396	8732	3664	0	1	6197	0	6198	0	0	4366	0	6198	0	1	1831	0	6198
chr2:202577562:TTCAG:T	TTCAG	T	8.067e-05	0.0001145	0	2	202577562	ALS2	12396	8732	3664	0	1	6197	0	6198	0	1	4365	0	6198	0	0	1832	0	6198
chr2:202577633:T:C|rs570270668	T	C	0.0001613	0.000229	0	2	202577633	ALS2	12396	8732	3664	0	2	6196	0	6198	0	2	4364	0	6198	0	0	1832	0	6198
chr2:202577639:T:G|rs531008209	T	G	0.0001613	0	0.0005459	2	202577639	ALS2	12396	8732	3664	0	2	6196	0	6198	0	0	4366	0	6198	0	2	1830	0	6198
chr2:202577660:CT:C	CT	C	8.067e-05	0	0.0002729	2	202577660	ALS2	12396	8732	3664	0	1	6197	0	6198	0	0	4366	0	6198	0	1	1831	0	6198
chr2:202577665:A:G	G	A	0.08019	0.07948	0.08188	2	202577665	ALS2	12396	8732	3664	35	924	5239	0	6198	24	646	3696	0	6198	11	278	1543	0	6198
chr2:202577688:T:C	T	C	0.000242	0.0003436	0	2	202577688	ALS2	12396	8732	3664	0	3	6195	0	6198	0	3	4363	0	6198	0	0	1832	0	6198
chr2:202577756:T:C|rs567600883	T	C	0.000484	0.000229	0.001092	2	202577756	ALS2	12396	8732	3664	0	6	6192	0	6198	0	2	4364	0	6198	0	4	1828	0	6198
chr2:202577757:G:C|rs192844068	G	C	0.002823	0.002519	0.003548	2	202577757	ALS2	12396	8732	3664	0	35	6163	0	6198	0	22	4344	0	6198	0	13	1819	0	6198
chr2:202577774:G:A|rs1031429347	G	A	8.067e-05	0.0001145	0	2	202577774	ALS2	12396	8732	3664	0	1	6197	0	6198	0	1	4365	0	6198	0	0	1832	0	6198
chr2:202577845:C:CCTTTT|rs201964379	C	CCTTTT	0.1391	0.1364	0.1454	2	202577845	ALS2	12348	8702	3646	75	1567	4532	0	6198	43	1101	3207	0	6198	32	466	1325	0	6198
chr2:202577846:C:CT	C	CT	0.001049	0.001031	0.001092	2	202577846	ALS2	12396	8732	3664	0	13	6185	0	6198	0	9	4357	0	6198	0	4	1828	0	6198
chr2:202577846:C:CTTTTT	C	CTTTTT	0.0004034	0.0003436	0.0005459	2	202577846	ALS2	12396	8732	3664	0	5	6193	0	6198	0	3	4363	0	6198	0	2	1830	0	6198
chr2:202577851:C:CT	C	CT	0.001292	0.001147	0.001638	2	202577851	ALS2	12384	8722	3662	0	16	6176	0	6198	0	10	4351	0	6198	0	6	1825	0	6198
chr2:202577851:C:CTT	C	CTT	0.0001615	0.0002293	0	2	202577851	ALS2	12384	8722	3662	0	2	6190	0	6198	0	2	4359	0	6198	0	0	1831	0	6198
chr2:202577858:T:TTTC|rs200136484	T	TTTC	8.08e-05	0	0.0002732	2	202577858	ALS2	12376	8716	3660	0	1	6187	0	6198	0	0	4358	0	6198	0	1	1829	0	6198
chr2:202577859:T:TTC	T	TTC	0.001859	0.002181	0.001093	2	202577859	ALS2	12370	8712	3658	0	23	6162	0	6198	0	19	4337	0	6198	0	4	1825	0	6198
chr2:202577859:T:TC	T	TC	8.084e-05	0.0001148	0	2	202577859	ALS2	12370	8712	3658	0	1	6184	0	6198	0	1	4355	0	6198	0	0	1829	0	6198
chr2:202577876:TG:T	TG	T	8.135e-05	0	0.0002759	2	202577876	ALS2	12292	8668	3624	0	1	6145	0	6198	0	0	4334	0	6198	0	1	1811	0	6198
chr2:202577876:TGA:T	TGA	T	8.149e-05	0.0001156	0	2	202577876	ALS2	12272	8652	3620	0	1	6135	0	6198	0	1	4325	0	6198	0	0	1810	0	6198
chr2:202577901:C:T	C	T	8.067e-05	0.0001145	0	2	202577901	ALS2	12396	8732	3664	0	1	6197	0	6198	0	1	4365	0	6198	0	0	1832	0	6198
chr2:202577929:G:A|rs986751705	G	A	0.000242	0.0001145	0.0005459	2	202577929	ALS2	12396	8732	3664	0	3	6195	0	6198	0	1	4365	0	6198	0	2	1830	0	6198
chr2:202577930:G:A	G	A	8.067e-05	0.0001145	0	2	202577930	ALS2	12396	8732	3664	0	1	6197	0	6198	0	1	4365	0	6198	0	0	1832	0	6198
chr2:202577946:A:G	G	A	0.0007262	0.0009164	0.0002729	2	202577946	ALS2	12394	8730	3664	0	9	6188	0	6198	0	8	4357	0	6198	0	1	1831	0	6198
chr2:202577991:C:T|rs139940094	C	T	0.001129	0.00126	0.0008188	2	202577991	ALS2	12396	8732	3664	0	14	6184	0	6198	0	11	4355	0	6198	0	3	1829	0	6198
chr2:202578006:G:A|rs184990793	G	A	8.067e-05	0.0001145	0	2	202578006	ALS2	12396	8732	3664	0	1	6197	0	6198	0	1	4365	0	6198	0	0	1832	0	6198
chr2:202578033:T:C|rs143371331	T	C	0.08745	0.08749	0.08734	2	202578033	ALS2	12396	8732	3664	64	956	5178	0	6198	42	680	3644	0	6198	22	276	1534	0	6198
chr2:202578038:T:C	T	C	8.067e-05	0.0001145	0	2	202578038	ALS2	12396	8732	3664	0	1	6197	0	6198	0	1	4365	0	6198	0	0	1832	0	6198
chr2:202578066:A:G	A	G	0.0001613	0.0001145	0.0002729	2	202578066	ALS2	12396	8732	3664	0	2	6196	0	6198	0	1	4365	0	6198	0	1	1831	0	6198
chr2:202578076:C:T	C	T	8.067e-05	0.0001145	0	2	202578076	ALS2	12396	8732	3664	0	1	6197	0	6198	0	1	4365	0	6198	0	0	1832	0	6198
chr2:202578091:T:C	T	C	8.067e-05	0.0001145	0	2	202578091	ALS2	12396	8732	3664	0	1	6197	0	6198	0	1	4365	0	6198	0	0	1832	0	6198
chr2:202578125:G:A|rs777172391	G	A	0.0001613	0.000229	0	2	202578125	ALS2	12396	8732	3664	0	2	6196	0	6198	0	2	4364	0	6198	0	0	1832	0	6198
chr2:202578126:C:T|rs984892190	C	T	8.067e-05	0.0001145	0	2	202578126	ALS2	12396	8732	3664	0	1	6197	0	6198	0	1	4365	0	6198	0	0	1832	0	6198
chr2:202578127:A:G	G	A	0.08019	0.07948	0.08188	2	202578127	ALS2	12396	8732	3664	35	924	5239	0	6198	24	646	3696	0	6198	11	278	1543	0	6198
chr2:202578138:C:G|rs769982761	C	G	8.067e-05	0	0.0002729	2	202578138	ALS2	12396	8732	3664	0	1	6197	0	6198	0	0	4366	0	6198	0	1	1831	0	6198
chr2:202578204:G:A|rs773242497	G	A	8.067e-05	0	0.0002729	2	202578204	ALS2	12396	8732	3664	0	1	6197	0	6198	0	0	4366	0	6198	0	1	1831	0	6198
chr2:202578253:T:A	T	A	8.067e-05	0.0001145	0	2	202578253	ALS2	12396	8732	3664	0	1	6197	0	6198	0	1	4365	0	6198	0	0	1832	0	6198
chr2:202578255:G:A	A	G	0.08019	0.07948	0.08188	2	202578255	ALS2	12396	8732	3664	35	924	5239	0	6198	24	646	3696	0	6198	11	278	1543	0	6198
chr2:202578273:GATCT:G	GATCT	G	0.0003227	0.0003436	0.0002729	2	202578273	ALS2	12396	8732	3664	0	4	6194	0	6198	0	3	4363	0	6198	0	1	1831	0	6198
chr2:202578332:T:C|rs1028035526	T	C	8.067e-05	0.0001145	0	2	202578332	ALS2	12396	8732	3664	0	1	6197	0	6198	0	1	4365	0	6198	0	0	1832	0	6198
chr2:202578349:G:A|rs113604844	G	A	8.068e-05	0.0001145	0	2	202578349	ALS2	12394	8730	3664	0	1	6196	0	6198	0	1	4364	0	6198	0	0	1832	0	6198
chr2:202578366:C:T|rs1019929864	C	T	8.067e-05	0.0001145	0	2	202578366	ALS2	12396	8732	3664	0	1	6197	0	6198	0	1	4365	0	6198	0	0	1832	0	6198
chr2:202578466:GTATTT:G|rs146957744|rs56659505	GTATTT	G	0.1425	0.1395	0.1498	2	202578466	ALS2	12396	8732	3664	124	1519	4555	0	6198	83	1052	3231	0	6198	41	467	1324	0	6198
chr2:202578514:CTA:C|rs201954083	CTA	C	0.01638	0.01569	0.01801	2	202578514	ALS2	12396	8732	3664	2	199	5997	0	6198	0	137	4229	0	6198	2	62	1768	0	6198
chr2:202578519:T:C	T	C	8.067e-05	0	0.0002729	2	202578519	ALS2	12396	8732	3664	0	1	6197	0	6198	0	0	4366	0	6198	0	1	1831	0	6198
chr2:202578543:T:C|rs952029604	T	C	8.067e-05	0	0.0002729	2	202578543	ALS2	12396	8732	3664	0	1	6197	0	6198	0	0	4366	0	6198	0	1	1831	0	6198
chr2:202578560:T:A	T	A	8.067e-05	0.0001145	0	2	202578560	ALS2	12396	8732	3664	0	1	6197	0	6198	0	1	4365	0	6198	0	0	1832	0	6198
chr2:202578605:TC:T	TC	T	8.067e-05	0.0001145	0	2	202578605	ALS2	12396	8732	3664	0	1	6197	0	6198	0	1	4365	0	6198	0	0	1832	0	6198
chr2:202578615:T:C	T	C	8.067e-05	0.0001145	0	2	202578615	ALS2	12396	8732	3664	0	1	6197	0	6198	0	1	4365	0	6198	0	0	1832	0	6198
chr2:202578745:C:T	C	T	0.0001613	0.000229	0	2	202578745	ALS2	12396	8732	3664	0	2	6196	0	6198	0	2	4364	0	6198	0	0	1832	0	6198
chr2:202578755:A:C	A	C	0.000242	0.0003436	0	2	202578755	ALS2	12396	8732	3664	0	3	6195	0	6198	0	3	4363	0	6198	0	0	1832	0	6198
chr2:202578773:G:A|rs756117362	G	A	8.067e-05	0.0001145	0	2	202578773	ALS2	12396	8732	3664	0	1	6197	0	6198	0	1	4365	0	6198	0	0	1832	0	6198
chr2:202578793:A:G	A	G	8.067e-05	0	0.0002729	2	202578793	ALS2	12396	8732	3664	0	1	6197	0	6198	0	0	4366	0	6198	0	1	1831	0	6198
chr2:202578803:G:A|rs896998648	G	A	8.067e-05	0	0.0002729	2	202578803	ALS2	12396	8732	3664	0	1	6197	0	6198	0	0	4366	0	6198	0	1	1831	0	6198
chr2:202578830:C:A|rs540507047	C	A	0.000242	0.0003436	0	2	202578830	ALS2	12396	8732	3664	0	3	6195	0	6198	0	3	4363	0	6198	0	0	1832	0	6198
chr2:202578832:C:T	C	T	8.067e-05	0.0001145	0	2	202578832	ALS2	12396	8732	3664	0	1	6197	0	6198	0	1	4365	0	6198	0	0	1832	0	6198
chr2:202578834:G:A	G	A	8.067e-05	0.0001145	0	2	202578834	ALS2	12396	8732	3664	0	1	6197	0	6198	0	1	4365	0	6198	0	0	1832	0	6198
chr2:202578888:CCCTT:C	CCCTT	C	8.067e-05	0.0001145	0	2	202578888	ALS2	12396	8732	3664	0	1	6197	0	6198	0	1	4365	0	6198	0	0	1832	0	6198
chr2:202578894:G:A	G	A	8.067e-05	0.0001145	0	2	202578894	ALS2	12396	8732	3664	0	1	6197	0	6198	0	1	4365	0	6198	0	0	1832	0	6198
chr2:202578914:C:A	C	A	8.067e-05	0.0001145	0	2	202578914	ALS2	12396	8732	3664	0	1	6197	0	6198	0	1	4365	0	6198	0	0	1832	0	6198
chr2:202578949:T:C|rs981949585	T	C	8.067e-05	0.0001145	0	2	202578949	ALS2	12396	8732	3664	0	1	6197	0	6198	0	1	4365	0	6198	0	0	1832	0	6198
chr2:202578979:G:A	G	A	8.067e-05	0.0001145	0	2	202578979	ALS2	12396	8732	3664	0	1	6197	0	6198	0	1	4365	0	6198	0	0	1832	0	6198
chr2:202578998:G:A	G	A	8.067e-05	0	0.0002729	2	202578998	ALS2	12396	8732	3664	0	1	6197	0	6198	0	0	4366	0	6198	0	1	1831	0	6198
chr2:202579047:G:C	G	C	8.067e-05	0.0001145	0	2	202579047	ALS2	12396	8732	3664	0	1	6197	0	6198	0	1	4365	0	6198	0	0	1832	0	6198
chr2:202579054:G:A|rs142517528	G	A	8.067e-05	0.0001145	0	2	202579054	ALS2	12396	8732	3664	0	1	6197	0	6198	0	1	4365	0	6198	0	0	1832	0	6198
chr2:202579119:G:A|rs537919852	G	A	0.0001613	0.000229	0	2	202579119	ALS2	12396	8732	3664	0	2	6196	0	6198	0	2	4364	0	6198	0	0	1832	0	6198
chr2:202579169:C:T	C	T	8.067e-05	0.0001145	0	2	202579169	ALS2	12396	8732	3664	0	1	6197	0	6198	0	1	4365	0	6198	0	0	1832	0	6198
chr2:202579376:G:A|rs1036216513	G	A	8.067e-05	0.0001145	0	2	202579376	ALS2	12396	8732	3664	0	1	6197	0	6198	0	1	4365	0	6198	0	0	1832	0	6198
chr2:202579429:T:C|rs749365641	T	C	0.0006454	0.0006871	0.0005459	2	202579429	ALS2	12396	8732	3664	0	8	6190	0	6198	0	6	4360	0	6198	0	2	1830	0	6198
chr2:202579440:C:T|rs544286619	C	T	0.0003227	0.0004581	0	2	202579440	ALS2	12396	8732	3664	0	4	6194	0	6198	0	4	4362	0	6198	0	0	1832	0	6198
chr2:202579455:G:A	G	A	8.067e-05	0.0001145	0	2	202579455	ALS2	12396	8732	3664	0	1	6197	0	6198	0	1	4365	0	6198	0	0	1832	0	6198
chr2:202579487:G:A|rs545530320	G	A	8.067e-05	0.0001145	0	2	202579487	ALS2	12396	8732	3664	0	1	6197	0	6198	0	1	4365	0	6198	0	0	1832	0	6198
chr2:202579578:T:C|rs924002055	T	C	8.068e-05	0.0001145	0	2	202579578	ALS2	12394	8732	3662	0	1	6196	0	6198	0	1	4365	0	6198	0	0	1831	0	6198
chr2:202579595:G:A|rs936538347	G	A	8.067e-05	0.0001145	0	2	202579595	ALS2	12396	8732	3664	0	1	6197	0	6198	0	1	4365	0	6198	0	0	1832	0	6198
chr2:202579601:G:A|rs72924750	G	A	0.02953	0.02897	0.03084	2	202579601	ALS2	12396	8732	3664	3	360	5835	0	6198	2	249	4115	0	6198	1	111	1720	0	6198
chr2:202579651:A:C	A	C	8.067e-05	0.0001145	0	2	202579651	ALS2	12396	8732	3664	0	1	6197	0	6198	0	1	4365	0	6198	0	0	1832	0	6198
chr2:202579657:C:A|rs76223482	C	A	0.06171	0.06104	0.06332	2	202579657	ALS2	12396	8732	3664	23	719	5456	0	6198	15	503	3848	0	6198	8	216	1608	0	6198
chr2:202579854:C:T|rs891909429	C	T	8.067e-05	0.0001145	0	2	202579854	ALS2	12396	8732	3664	0	1	6197	0	6198	0	1	4365	0	6198	0	0	1832	0	6198
chr2:202579876:A:G|rs1021723928	A	G	8.067e-05	0.0001145	0	2	202579876	ALS2	12396	8732	3664	0	1	6197	0	6198	0	1	4365	0	6198	0	0	1832	0	6198
chr2:202579932:A:G	A	G	8.067e-05	0.0001145	0	2	202579932	ALS2	12396	8732	3664	0	1	6197	0	6198	0	1	4365	0	6198	0	0	1832	0	6198
chr2:202579937:GAA:G|rs929670074	GAA	G	8.067e-05	0.0001145	0	2	202579937	ALS2	12396	8732	3664	0	1	6197	0	6198	0	1	4365	0	6198	0	0	1832	0	6198
chr2:202579998:A:G|rs763474442	A	G	0.0005647	0.0004581	0.0008188	2	202579998	ALS2	12396	8732	3664	0	7	6191	0	6198	0	4	4362	0	6198	0	3	1829	0	6198
chr2:202580138:T:C|rs758125119	T	C	0.000242	0.0003436	0	2	202580138	ALS2	12396	8732	3664	0	3	6195	0	6198	0	3	4363	0	6198	0	0	1832	0	6198
chr2:202580155:C:T	C	T	8.067e-05	0.0001145	0	2	202580155	ALS2	12396	8732	3664	0	1	6197	0	6198	0	1	4365	0	6198	0	0	1832	0	6198
chr2:202580173:T:C|rs1044983954	T	C	8.067e-05	0.0001145	0	2	202580173	ALS2	12396	8732	3664	0	1	6197	0	6198	0	1	4365	0	6198	0	0	1832	0	6198
chr2:202580328:T:G|rs75897720	T	G	0.01807	0.01798	0.01829	2	202580328	ALS2	12396	8732	3664	2	220	5976	0	6198	2	153	4211	0	6198	0	67	1765	0	6198
chr2:202580333:A:G|rs190243154	A	G	8.067e-05	0.0001145	0	2	202580333	ALS2	12396	8732	3664	0	1	6197	0	6198	0	1	4365	0	6198	0	0	1832	0	6198
chr2:202580339:C:T|rs929841850	C	T	8.067e-05	0.0001145	0	2	202580339	ALS2	12396	8732	3664	0	1	6197	0	6198	0	1	4365	0	6198	0	0	1832	0	6198
chr2:202580340:T:C|rs546851604	T	C	0.0003227	0.0004581	0	2	202580340	ALS2	12396	8732	3664	0	4	6194	0	6198	0	4	4362	0	6198	0	0	1832	0	6198
chr2:202580372:A:G|rs773969684	A	G	0.0003227	0.0004581	0	2	202580372	ALS2	12396	8732	3664	0	4	6194	0	6198	0	4	4362	0	6198	0	0	1832	0	6198
chr2:202580504:C:T|rs752484747	C	T	8.067e-05	0.0001145	0	2	202580504	ALS2	12396	8732	3664	0	1	6197	0	6198	0	1	4365	0	6198	0	0	1832	0	6198
chr2:202580536:G:A|rs376835062	G	A	0.000242	0.000229	0.0002729	2	202580536	ALS2	12396	8732	3664	0	3	6195	0	6198	0	2	4364	0	6198	0	1	1831	0	6198
chr2:202582840:G:A	G	A	8.067e-05	0	0.0002729	2	202582840	ALS2	12396	8732	3664	0	1	6197	0	6198	0	0	4366	0	6198	0	1	1831	0	6198
chr2:202582903:T:C	T	C	8.067e-05	0.0001145	0	2	202582903	ALS2	12396	8732	3664	0	1	6197	0	6198	0	1	4365	0	6198	0	0	1832	0	6198
chr2:202582919:C:T|rs974565548	C	T	8.067e-05	0.0001145	0	2	202582919	ALS2	12396	8732	3664	0	1	6197	0	6198	0	1	4365	0	6198	0	0	1832	0	6198
chr2:202584782:C:T|rs958786388	C	T	0.0001613	0.0001145	0.0002729	2	202584782	ALS2	12396	8732	3664	0	2	6196	0	6198	0	1	4365	0	6198	0	1	1831	0	6198
chr2:202587810:T:C|rs370591665	T	C	8.067e-05	0.0001145	0	2	202587810	ALS2	12396	8732	3664	0	1	6197	0	6198	0	1	4365	0	6198	0	0	1832	0	6198
chr2:202587822:C:T|rs752002691	C	T	8.067e-05	0.0001145	0	2	202587822	ALS2	12396	8732	3664	0	1	6197	0	6198	0	1	4365	0	6198	0	0	1832	0	6198
chr2:202588052:C:T	C	T	8.067e-05	0.0001145	0	2	202588052	ALS2	12396	8732	3664	0	1	6197	0	6198	0	1	4365	0	6198	0	0	1832	0	6198
chr2:202588159:T:C	T	C	8.067e-05	0	0.0002729	2	202588159	ALS2	12396	8732	3664	0	1	6197	0	6198	0	0	4366	0	6198	0	1	1831	0	6198
chr2:202588160:C:T|rs41309046	C	T	0.0001613	0.000229	0	2	202588160	ALS2	12396	8732	3664	0	2	6196	0	6198	0	2	4364	0	6198	0	0	1832	0	6198
chr2:202589070:G:T	G	T	8.067e-05	0.0001145	0	2	202589070	ALS2	12396	8732	3664	0	1	6197	0	6198	0	1	4365	0	6198	0	0	1832	0	6198
chr2:202589114:C:T|rs761444982	C	T	8.067e-05	0.0001145	0	2	202589114	ALS2	12396	8732	3664	0	1	6197	0	6198	0	1	4365	0	6198	0	0	1832	0	6198
chr2:202589135:C:T|rs753713733	C	T	8.067e-05	0.0001145	0	2	202589135	ALS2	12396	8732	3664	0	1	6197	0	6198	0	1	4365	0	6198	0	0	1832	0	6198
chr2:202590095:C:T|rs371454893	C	T	0.000242	0.0001145	0.0005459	2	202590095	ALS2	12396	8732	3664	0	3	6195	0	6198	0	1	4365	0	6198	0	2	1830	0	6198
chr2:202590107:C:T|rs757704778	C	T	8.067e-05	0.0001145	0	2	202590107	ALS2	12396	8732	3664	0	1	6197	0	6198	0	1	4365	0	6198	0	0	1832	0	6198
chr2:202591249:C:T|rs200706696	C	T	8.067e-05	0.0001145	0	2	202591249	ALS2	12396	8732	3664	0	1	6197	0	6198	0	1	4365	0	6198	0	0	1832	0	6198
chr2:202591474:C:T|rs373432894	C	T	8.067e-05	0.0001145	0	2	202591474	ALS2	12396	8732	3664	0	1	6197	0	6198	0	1	4365	0	6198	0	0	1832	0	6198
chr2:202591507:C:T|rs187637699	C	T	8.067e-05	0	0.0002729	2	202591507	ALS2	12396	8732	3664	0	1	6197	0	6198	0	0	4366	0	6198	0	1	1831	0	6198
chr2:202591520:A:C	A	C	8.067e-05	0.0001145	0	2	202591520	ALS2	12396	8732	3664	0	1	6197	0	6198	0	1	4365	0	6198	0	0	1832	0	6198
chr2:202591522:G:C|rs776807292	G	C	8.067e-05	0.0001145	0	2	202591522	ALS2	12396	8732	3664	0	1	6197	0	6198	0	1	4365	0	6198	0	0	1832	0	6198
chr2:202591523:G:C|rs41308840	G	C	8.067e-05	0.0001145	0	2	202591523	ALS2	12396	8732	3664	0	1	6197	0	6198	0	1	4365	0	6198	0	0	1832	0	6198
chr2:202591969:T:G	T	G	0.0001613	0.000229	0	2	202591969	ALS2	12396	8732	3664	0	2	6196	0	6198	0	2	4364	0	6198	0	0	1832	0	6198
chr2:202591973:C:G	C	G	8.067e-05	0.0001145	0	2	202591973	ALS2	12396	8732	3664	0	1	6197	0	6198	0	1	4365	0	6198	0	0	1832	0	6198
chr2:202592437:G:A	G	A	8.067e-05	0.0001145	0	2	202592437	ALS2	12396	8732	3664	0	1	6197	0	6198	0	1	4365	0	6198	0	0	1832	0	6198
chr2:202593836:C:T|rs371408833	C	T	8.067e-05	0	0.0002729	2	202593836	ALS2	12396	8732	3664	0	1	6197	0	6198	0	0	4366	0	6198	0	1	1831	0	6198
chr2:202598046:G:C	G	C	8.067e-05	0.0001145	0	2	202598046	ALS2	12396	8732	3664	0	1	6197	0	6198	0	1	4365	0	6198	0	0	1832	0	6198
chr2:202598049:G:C|rs745536009	G	C	8.067e-05	0.0001145	0	2	202598049	ALS2	12396	8732	3664	0	1	6197	0	6198	0	1	4365	0	6198	0	0	1832	0	6198
chr2:202598051:C:T|rs368315489	C	T	8.067e-05	0.0001145	0	2	202598051	ALS2	12396	8732	3664	0	1	6197	0	6198	0	1	4365	0	6198	0	0	1832	0	6198
chr2:202598100:T:A|rs202219507	T	A	0.0001613	0.0001145	0.0002729	2	202598100	ALS2	12396	8732	3664	0	2	6196	0	6198	0	1	4365	0	6198	0	1	1831	0	6198
chr2:202598115:C:T|rs879011916	C	T	8.067e-05	0.0001145	0	2	202598115	ALS2	12396	8732	3664	0	1	6197	0	6198	0	1	4365	0	6198	0	0	1832	0	6198
chr2:202598121:A:C	A	C	8.067e-05	0.0001145	0	2	202598121	ALS2	12396	8732	3664	0	1	6197	0	6198	0	1	4365	0	6198	0	0	1832	0	6198
chr2:202606422:T:C|rs778099581	T	C	8.067e-05	0.0001145	0	2	202606422	ALS2	12396	8732	3664	0	1	6197	0	6198	0	1	4365	0	6198	0	0	1832	0	6198
chr2:202606452:C:A	C	A	8.067e-05	0.0001145	0	2	202606452	ALS2	12396	8732	3664	0	1	6197	0	6198	0	1	4365	0	6198	0	0	1832	0	6198
chr2:202606526:C:T|rs753349655	C	T	8.067e-05	0	0.0002729	2	202606526	ALS2	12396	8732	3664	0	1	6197	0	6198	0	0	4366	0	6198	0	1	1831	0	6198
chr2:202606562:G:T	G	T	8.067e-05	0.0001145	0	2	202606562	ALS2	12396	8732	3664	0	1	6197	0	6198	0	1	4365	0	6198	0	0	1832	0	6198
chr2:202609103:A:G	A	G	0.0001613	0.0001145	0.0002729	2	202609103	ALS2	12396	8732	3664	0	2	6196	0	6198	0	1	4365	0	6198	0	1	1831	0	6198
chr2:202611327:T:G|rs61757690	T	G	8.067e-05	0.0001145	0	2	202611327	ALS2	12396	8732	3664	0	1	6197	0	6198	0	1	4365	0	6198	0	0	1832	0	6198
chr2:202611327:T:C|rs61757690	T	C	8.067e-05	0.0001145	0	2	202611327	ALS2	12396	8732	3664	0	1	6197	0	6198	0	1	4365	0	6198	0	0	1832	0	6198
chr2:202611453:C:A|rs544877098	C	A	8.067e-05	0.0001145	0	2	202611453	ALS2	12396	8732	3664	0	1	6197	0	6198	0	1	4365	0	6198	0	0	1832	0	6198
chr2:202619239:C:T|rs201161419	C	T	0.0004034	0.0004581	0.0002729	2	202619239	ALS2	12396	8732	3664	0	5	6193	0	6198	0	4	4362	0	6198	0	1	1831	0	6198
chr2:202619316:G:C|rs200950390	G	C	8.068e-05	0	0.0002729	2	202619316	ALS2	12394	8730	3664	0	1	6196	0	6198	0	0	4365	0	6198	0	1	1831	0	6198
chr2:202622274:A:G|rs745410747	A	G	8.067e-05	0.0001145	0	2	202622274	ALS2	12396	8732	3664	0	1	6197	0	6198	0	1	4365	0	6198	0	0	1832	0	6198
chr2:202622313:G:T|rs886055454|rs940411779	G	T	0.0001613	0.000229	0	2	202622313	ALS2	12396	8732	3664	0	2	6196	0	6198	0	2	4364	0	6198	0	0	1832	0	6198
chr2:202622316:G:T	G	T	0	0	0	2	202622316	ALS2	12396	8732	3664	0	0	6198	0	6198	0	0	4366	0	6198	0	0	1832	0	6198
chr2:202622467:C:T|rs200990057	C	T	8.067e-05	0.0001145	0	2	202622467	ALS2	12396	8732	3664	0	1	6197	0	6198	0	1	4365	0	6198	0	0	1832	0	6198
chr2:202622481:G:C|rs190369242	G	C	0.001371	0.001374	0.001365	2	202622481	ALS2	12396	8732	3664	0	17	6181	0	6198	0	12	4354	0	6198	0	5	1827	0	6198
chr2:202625648:C:T	C	T	8.067e-05	0.0001145	0	2	202625648	ALS2	12396	8732	3664	0	1	6197	0	6198	0	1	4365	0	6198	0	0	1832	0	6198
chr2:202625669:G:A|rs769268310	G	A	8.067e-05	0.0001145	0	2	202625669	ALS2	12396	8732	3664	0	1	6197	0	6198	0	1	4365	0	6198	0	0	1832	0	6198
chr2:202625680:T:C|rs199757764	T	C	0.0004034	0.0003436	0.0005459	2	202625680	ALS2	12396	8732	3664	0	5	6193	0	6198	0	3	4363	0	6198	0	2	1830	0	6198
chr2:202625720:C:A|rs777806515	C	A	8.067e-05	0.0001145	0	2	202625720	ALS2	12396	8732	3664	0	1	6197	0	6198	0	1	4365	0	6198	0	0	1832	0	6198
chr2:202625831:C:T|rs765049503	C	T	0.0001613	0.0001145	0.0002729	2	202625831	ALS2	12396	8732	3664	0	2	6196	0	6198	0	1	4365	0	6198	0	1	1831	0	6198
chr2:202625839:G:C|rs537187775	G	C	8.067e-05	0.0001145	0	2	202625839	ALS2	12396	8732	3664	0	1	6197	0	6198	0	1	4365	0	6198	0	0	1832	0	6198
chr2:202625992:A:G|rs200733209	A	G	0.0003227	0.0003436	0.0002729	2	202625992	ALS2	12396	8732	3664	0	4	6194	0	6198	0	3	4363	0	6198	0	1	1831	0	6198
chr2:202626025:C:T	C	T	8.067e-05	0.0001145	0	2	202626025	ALS2	12396	8732	3664	0	1	6197	0	6198	0	1	4365	0	6198	0	0	1832	0	6198
chr2:202626092:C:T	C	T	8.067e-05	0.0001145	0	2	202626092	ALS2	12396	8732	3664	0	1	6197	0	6198	0	1	4365	0	6198	0	0	1832	0	6198
chr2:202626134:C:T	C	T	8.067e-05	0.0001145	0	2	202626134	ALS2	12396	8732	3664	0	1	6197	0	6198	0	1	4365	0	6198	0	0	1832	0	6198
chr2:202626232:G:C	G	C	8.067e-05	0.0001145	0	2	202626232	ALS2	12396	8732	3664	0	1	6197	0	6198	0	1	4365	0	6198	0	0	1832	0	6198
chr2:202626322:G:A|rs41308810	G	A	8.067e-05	0.0001145	0	2	202626322	ALS2	12396	8732	3664	0	1	6197	0	6198	0	1	4365	0	6198	0	0	1832	0	6198
chr2:202626333:C:G	C	G	8.067e-05	0.0001145	0	2	202626333	ALS2	12396	8732	3664	0	1	6197	0	6198	0	1	4365	0	6198	0	0	1832	0	6198
chr2:202626386:C:T|rs61745503	C	T	0	0	0	2	202626386	ALS2	12396	8732	3664	0	0	6198	0	6198	0	0	4366	0	6198	0	0	1832	0	6198
chr2:202626391:T:C|rs191980454	T	C	8.067e-05	0.0001145	0	2	202626391	ALS2	12396	8732	3664	0	1	6197	0	6198	0	1	4365	0	6198	0	0	1832	0	6198
chr2:202626437:T:C|rs3219154	T	C	0.03396	0.03367	0.03466	2	202626437	ALS2	12396	8732	3664	10	401	5787	0	6198	8	278	4080	0	6198	2	123	1707	0	6198
chr2:202630328:T:C|rs985435035	T	C	8.067e-05	0	0.0002729	2	202630328	ALS2	12396	8732	3664	0	1	6197	0	6198	0	0	4366	0	6198	0	1	1831	0	6198
chr2:202630513:T:C|rs10194619	T	C	0.1371	0.135	0.1422	2	202630513	ALS2	12396	8732	3664	107	1486	4605	0	6198	70	1039	3257	0	6198	37	447	1348	0	6198
chr2:202632018:C:G	C	G	8.067e-05	0.0001145	0	2	202632018	ALS2	12396	8732	3664	0	1	6197	0	6198	0	1	4365	0	6198	0	0	1832	0	6198
chr2:202632042:G:A	G	A	0.0004034	0.0004581	0.0002729	2	202632042	ALS2	12396	8732	3664	0	5	6193	0	6198	0	4	4362	0	6198	0	1	1831	0	6198
chr2:202632092:T:C|rs765976513	T	C	8.068e-05	0	0.0002729	2	202632092	ALS2	12394	8730	3664	0	1	6196	0	6198	0	0	4365	0	6198	0	1	1831	0	6198
chr2:202633670:T:C|rs532217889	T	C	0.000484	0.0004581	0.0005459	2	202633670	ALS2	12396	8732	3664	0	6	6192	0	6198	0	4	4362	0	6198	0	2	1830	0	6198
